scan_date,point_card_id,store_id,employee_id,shoe_sold,shoe_exist_in_db,shoes_marked_sold_rwa,insole_sold,shoe_functional,size_recommendation,safesize_code,scanner_id,created_at
2025-09-08,8800972259473,10179,2063042,,,,,,,2500023558642,SC7-D95,
2025-09-08,8800968713187,10312,3211916,,,,,,,2500075865293,SC7-J65,
2025-09-08,6080041822698,10404,3229269,,,,,1,1,2500060516322,SC7-982,
2025-09-08,6080041821813,10350,3208935,,,,,1,,2500001779045,SC7-A70,
2025-09-08,6080041821226,10420,2058001,,,,,,,2500048100963,SC7-787,
2025-09-08,6080041821097,10413,3213774,,,,,,,2500079267369,SC7-768,
2025-09-08,6080041819056,10460,3228443,,,,,1,1,2500013147559,SC7-996,
2025-09-08,6080041739897,10275,3213404,,,,,1,1,2500050913940,SC7-973,
2025-09-08,6080039364063,10389,2913245,,,,,,,2500028908190,SC7-986,
2025-09-08,6080036430518,10314,2314027,,,,,1,1,2500062780196,SC7-A01,
2025-09-08,6080035890429,10029,3228326,,,,,1,,2500031868689,SC7-M14,
2025-09-08,6080029283749,10349,3228335,,,,,,,2500008000814,SC7-1125,
2025-09-08,6080024959908,10525,3227051,,,,,,,2500013843925,SC7-J17,
2025-09-08,6080024679134,10331,5555555,,,,,1,,2500005468648,SC7-1249,
2025-09-08,6080022248684,20254,1006079,,,,,1,,2500001082411,SC7-J50,
2025-09-08,6080021904093,10405,3200087,,,,,,,2500079489129,SC7-A22,
2025-09-08,6080021904093,10405,3200087,,,,,,,2500079489129,SC7-A22,
2025-09-08,6080021219876,10312,3211916,,,,,,,2500075865293,SC7-J65,
2025-09-08,6080018024582,10418,3204157,,,,,,,2500029462424,SC7-1204,
2025-09-08,6080012677456,20221,1800735,,,,,1,1,2500019266919,SC7-E27,
2025-09-08,6080011539991,10259,3207986,,,,,,,2500025076380,SC7-1190,
2025-09-08,6080010508318,10371,3221360,,,,,,,2500014250272,SC7-966,
2025-09-08,6080009667385,10413,3203287,,,,,,,2500005610603,SC7-I86,
2025-09-08,6080009215425,10405,3226104,,,,,,,2500002269859,SC7-I92,
2025-09-08,6080008674216,10466,3001294,,,,,,,2500055777318,SC7-938,
2025-09-08,6080008184807,10404,3229269,,,,,1,,2500001310781,SC7-982,
2025-09-08,6080008184807,10404,3228376,,,,,1,1,2500063708335,SC7-J66,
2025-09-08,6080006760522,10314,3221323,,,,,,,2500009018818,SC7-A01,
2025-09-08,6080006007610,20221,1800735,,,,,1,1,2500019045156,SC7-E27,
2025-09-08,6080003221545,10299,2051015,,,,,,,2500053960859,SC7-A71,
2025-09-08,6080002688622,10179,2063042,,,,,,,2500023558642,SC7-D95,
2025-09-08,6080001449125,20286,1800790,,,,,1,1,2500002315266,SC7-M19,
2025-09-08,6080000998105,10308,2077529,,,,,1,,2500014518310,SC7-J05,
2025-09-08,6080000982159,10415,3221910,,,,,,,2500083579816,SC7-A25,
2025-09-08,6080000848998,10389,3228890,,,,,,,2500024953255,SC7-986,
2025-09-08,6070907531321,10299,2051015,,,,,,,2500053960859,SC7-A71,
2025-09-08,6070903820412,10415,3221910,,,,,,,2500083579816,SC7-A25,
2025-09-08,6010006182093,10389,3228890,,,,,,,2500024953255,SC7-986,
2025-09-08,6000005716887,10308,2077529,,,,,1,,2500014518310,SC7-J05,
2025-09-08,,10418,3227565,,,,,1,1,2500058010153,SC7-1204,
2025-09-08,,10528,3228331,,,,,,,2500063400437,SC7-A57,
2025-09-08,,10329,5555555,,,,,1,,2500036442655,SC7-A30,
2025-09-08,,10428,2117078,,,,,1,,2500011417494,SC7-962,
2025-09-08,,10514,3224539,,,,,1,1,2500066167276,SC7-A68,
2025-09-08,,10481,3226993,,,,,,,2500034547550,SC7-771,
2025-09-08,,20286,1006331,,,,,,,2500022664061,SC7-M19,
2025-09-08,,10457,3221610,,,,,,,2500081393834,SC7-J77,
2025-09-08,,10316,2913333,,,,,,,2500009647414,SC7-1274,
2025-09-08,,10316,2913333,,,,,,,2500003132701,SC7-1274,
2025-09-08,,10229,2229010,,,,,,,2500081740980,SC7-963,
2025-09-08,,10525,3227051,,,,,,,2500035125962,SC7-J17,
2025-09-08,,10476,3001690,,,,,,,2500080033007,SC7-A37,
2025-09-08,,10280,3223028,,,,,,,2500078590147,SC7-E85,
2025-09-08,,10314,3227556,,,,,1,1,2500012315690,SC7-A01,
2025-09-08,,10522,5555555,,,,,1,,2500039649983,SC7-I93,
2025-09-08,,10410,2093125,,,,,,,2500040147720,SC7-A80,
2025-09-08,,10482,3227450,,,,,,,2500046640867,SC7-999,
2025-09-08,,10457,3221610,,,,,,,2500057798465,SC7-J77,
2025-09-08,,10314,3210264,,,,,,,2500066672527,,
2025-09-08,,10502,3224577,,,,,1,1,2500076891895,SC7-A65,
2025-09-08,,10362,3215988,,,,,,,2500080022933,SC7-E88,
2025-09-08,,10273,3225451,,,,,,,2500013125199,SC7-877,
2025-09-08,,20312,1800712,,,,,,,2500024086625,SC7-F96,
2025-09-08,,10500,3225710,,,,,,,2500036201948,,
2025-09-08,,10460,5555555,,,,,1,,2500069519799,SC7-1231,
2025-09-08,,a (55,5555555,,,,,1,1,2500069259404,SC7-1583,
2025-09-08,,10414,3226488,,,,,,,2500021844211,SC7-K03,
2025-09-08,,10445,3225402,,,,,,,2500064447288,SC7-1235,
2025-09-08,,10058,2085151,,,,,,,2500002917835,SC7-A85,
2025-09-08,,10349,3226376,,,,,,,2500051996867,SC7-1125,
2025-09-08,,10349,3226376,,,,,,,2500062760396,SC7-1125,
2025-09-08,,10488,3225372,,,,,,,2500052676232,SC7-A44,
2025-09-08,,10492,3218632,,,,,1,,2500012818269,SC7-987,
2025-09-08,,10324,3222971,,,,,1,1,2500030252243,SC7-A82,
2025-09-08,,10401,3218842,,,,,,,2500065645478,SC7-A18,
2025-09-08,,09265,5208859,,,,,,,2500052006596,SC7-J29,
2025-09-08,,20138,1000384,,,,,,,2500031820366,SC7-E30,
2025-09-08,,10322,3224504,,,,,,,2500038222477,SC7-971,
2025-09-08,,10247,2913719,,,,,1,1,2500077153183,SC7-J02,
2025-09-08,,10331,5555555,,,,,,,,,
2025-09-08,,10404,3228775,,,,,,,2500027732369,SC7-982,
2025-09-08,,20001,1003864,,,,,,,2500045503736,SC7-E28,
2025-09-08,,00035,5555555,,,,,,,2500008766451,,
2025-09-08,,10207,3228867,,,,,1,,2500078713133,SC7-930,
2025-09-08,,10465,3225574,,,,,,,2500026356221,,
2025-09-08,,09171,5201853,,,,,1,,2500083611905,SC7-F28,
2025-09-08,,10525,3227051,,,,,,,2500045821014,SC7-J17,
2025-09-08,,10419,3228832,,,,,,,2500034250122,SC7-A32,
2025-09-08,,10450,3220660,,,,,,,2500043355061,SC7-E87,
2025-09-08,,10309,5555555,,,,,1,,2500016200084,SC7-1244,
2025-09-08,,10505,3002212,,,,,1,,2500055489334,SC7-1132,
2025-09-08,,i (32,5555555,,,,,1,1,2500045791713,SC7-1580,
2025-09-08,,10524,3225824,,,,,,,2500045230595,SC7-984,
2025-09-08,,10509,2344052,,,,,,,2500062467295,SC7-D77,
2025-09-08,,10395,3221819,,,,,,,2500081752990,SC7-786,
2025-09-08,,10435,3001011,,,,,1,,2500067514116,SC7-994,
2025-09-08,,10259,2913919,,,,,,,2500066379303,SC7-1190,
2025-09-08,,10481,3227822,,,,,1,1,2500044437988,SC7-771,
2025-09-08,,10529,3215785,,,,,,,2500051962732,SC7-1154,
2025-09-08,,10525,3227051,,,,,,,2500013947722,SC7-J17,
2025-09-08,,10503,5555555,,,,,1,,2500062199271,SC7-1210,
2025-09-08,,10331,5555555,,,,,1,,2500045240662,SC7-1249,
2025-09-08,,10352,0904448,,,,,1,1,2500031331060,SC7-1161,
2025-09-08,,10299,3002863,,,,,,,2500058637619,SC7-M03,
2025-09-08,,10275,3224742,,,,,,,2500018718426,SC7-1144,
2025-09-08,,10520,3215036,,,,,,,2500032368850,SC7-J62,
2025-09-08,,10340,3229043,,,,,,,2500055218750,SC7-A77,
2025-09-08,,10507,3002608,,,,,,,2500054086503,SC7-1135,
2025-09-08,,20247,1006414,,,,,,,2500065064552,SC7-J51,
2025-09-08,,10365,3204105,,,,,1,,2500052722779,SC7-F03,
2025-09-08,,10340,3226071,,,,,1,,2500034259576,SC7-A77,
2025-09-08,,10529,5202351,,,,,1,1,2500083621638,SC7-M07,
2025-09-08,,10058,2914169,,,,,,,2500043061962,SC7-A85,
2025-09-08,,10240,2067555,,,,,1,1,2500031320712,SC7-A81,
2025-09-08,,10529,3215785,,,,,,,2500033461840,SC7-1240,
2025-09-08,,20247,1006414,,,,,,,2500038761518,SC7-J51,
2025-09-08,,20286,1006502,,,,,,,2500048922756,SC7-E97,
2025-09-08,,10362,3215988,,,,,,,2500033167209,SC7-E88,
2025-09-08,,10514,2913255,,,,,,,2500055711091,SC7-A68,
2025-09-08,,20286,1006502,,,,,,,2500012293332,SC7-E97,
2025-09-08,,10350,2113164,,,,,,,2500051662625,SC7-1166,
2025-09-08,,20213,1002651,,,,,,,,,
2025-09-08,,20242,1800625,,,,,,,2500063981639,SC7-775,
2025-09-08,,10514,3002681,,,,,,,2500011688238,,
2025-09-08,,10457,3221610,,,,,,,2500015938957,SC7-J77,
2025-09-08,,00040,5555555,,,,,,,,,
2025-09-08,,10309,5555555,,,,,1,,2500052742579,SC7-1244,
2025-09-08,,10352,2914486,,,,,,,2500035903898,SC7-988,
2025-09-08,,00040,5555555,,,,,,,2500026956377,SC7-L92,
2025-09-08,,10401,3218842,,,,,,,2500018491541,SC7-A18,
2025-09-08,,10405,3210109,,,,,1,,2500027244350,SC7-A22,
2025-09-08,,20226,0883562,,,,,,,2500071260320,SC7-F11,
2025-09-08,,10441,3223979,,,,,1,1,2500023769345,SC7-788,
2025-09-08,,10401,3218842,,,,,,,2500077228973,SC7-A18,
2025-09-08,,10527,3222952,,,,,,,2500019845329,SC7-1174,
2025-09-08,,10058,3213250,,,,,,,2500067841465,SC7-A85,
2025-09-08,,10311,3223755,,,,,,,2500046894437,SC7-A75,
2025-09-08,,10494,3225027,,,,,1,1,2500065345484,SC7-I97,
2025-09-08,,10259,3226791,,,,,,,2500062748387,SC7-1190,
2025-09-08,,10460,3211456,,,,,1,,2500005731599,SC7-996,
2025-09-08,,20179,0381194,,,,,,,2500058852203,SC7-G33,
2025-09-08,,20320,0033548,,,,,,,2500064801325,SC7-J21,
2025-09-08,,10466,2910136,,,,,1,1,2500062170096,SC7-1188,
2025-09-08,,10230,2910570,,,,,,,2500014240822,SC7-960,
2025-09-08,,10494,3002748,,,,,,,2500015333196,SC7-I97,
2025-09-08,,10418,3227565,,,,,1,1,2500065567244,SC7-1204,
2025-09-08,,10437,3215266,,,,,,,2500003198769,SC7-1128,
2025-09-08,,10400,3220885,,,,,,,2500030195632,SC7-A78,
2025-09-08,,10381,3002576,,,,,,,2500064186156,SC7-F93,
2025-09-08,,10349,3226376,,,,,,,2500062209345,SC7-1125,
2025-09-08,,20263,1005780,,,,,,,2500042724882,SC7-D81,
2025-09-08,,10401,2912422,,,,,,,2500007917236,SC7-A18,
2025-09-08,,10437,3215266,,,,,,,2500035370089,SC7-E86,
2025-09-08,,10340,3229043,,,,,,,2500076396994,SC7-A77,
2025-09-08,,10493,3002240,,,,,1,,2500046606450,SC7-E98,
2025-09-08,,10453,3226112,,,,,,,2500013418413,SC7-A34,
2025-09-08,,10410,3211029,,,,,,,2500068159248,SC7-J08,
2025-09-08,,(9204,5206702,,,,,1,,2500010573221,SC7-J35,
2025-09-08,,09139,5208740,,,,,,,2500051140826,SC7-A29,
2025-09-08,,10196,3214970,,,,,,,2500008749218,SC7-933,
2025-09-08,,20170,1006014,,,,,1,1,2500033418141,SC7-J28,
2025-09-08,,10519,3002789,,,,,1,1,2500034864831,SC7-1121,
2025-09-08,,(9268,5207719,,,,,1,,2500064203396,SC7-F31,
2025-09-08,,10299,2051015,,,,,,,2500052201380,SC7-A71,
2025-09-08,,10247,2912471,,,,,1,,2500049793980,SC7-937,
2025-09-08,,10039,3202667,,,,,,,2500046652877,SC7-E33,
2025-09-08,,10287,3205930,,,,,,,2500045547594,SC7-A47,
2025-09-08,,10502,3224577,,,,,1,1,2500064262560,SC7-A65,
2025-09-08,,10522,5555555,,,,,1,,2500063959270,SC7-K08,
2025-09-08,,10325,2911860,,,,,,,2500052257370,SC7-992,
2025-09-08,,10314,2115003,,,,,,,2500007666295,SC7-I89,
2025-09-08,,09234,5555555,,,,,1,,2500036191874,SC7-J37,
2025-09-08,,10474,3210183,,,,,,,2500018696069,,
2025-09-08,,10468,3226983,,,,,,,2500006336694,SC7-A06,
2025-09-08,,10198,2913336,,,,,1,1,2500011754292,SC7-882,
2025-09-08,,10467,2339001,,,,,1,1,2500056816375,SC7-1159,
2025-09-08,,00024,5555555,,,,,,,2500051930649,SC7-L95,
2025-09-08,,10371,3228069,,,,,,,2500052983781,SC7-M11,
2025-09-08,,10492,3002711,,,,,,,2500047135768,SC7-I88,
2025-09-08,,o (71,5555555,,,,,,,2500004264678,SC7-1584,
2025-09-08,,10384,3226743,,,,,,,2500061916244,SC7-1189,
2025-09-08,,20250,1006421,,,,,1,,2500080898774,SC7-949,
2025-09-08,,10325,2911860,,,,,1,1,2500064735262,SC7-1205,
2025-09-08,,10314,3221323,,,,,,,2500019540330,SC7-A01,
2025-09-08,,10530,3228270,,,,,,,,,
2025-09-08,,10426,3228140,,,,,,,2500030749866,SC7-A27,
2025-09-08,,10515,3227628,,,,,,,2500029944692,SC7-J39,
2025-09-08,,09234,5555555,,,,,,,2500011210415,SC7-J37,
2025-09-08,,10507,2333090,,,,,,,2500039045006,SC7-1135,
2025-09-08,,10466,3221495,,,,,,,2500051184806,SC7-938,
2025-09-08,,10229,2123244,,,,,,,2500055757518,SC7-963,
2025-09-08,,09160,5200646,,,,,1,,2500005775579,SC7-F13,
2025-09-08,,10365,2128003,,,,,,,2500000970962,SC7-1181,
2025-09-08,,20138,0361053,,,,,,,2500044176696,SC7-J57,
2025-09-08,,10352,0904448,,,,,,,,,
2025-09-08,,10420,2058001,,,,,,,2500005064840,SC7-787,
2025-09-08,,20125,0361048,,,,,1,1,2500041584685,SC7-E31,
2025-09-08,,10353,3222564,,,,,1,,2500016005290,SC7-1237,
2025-09-08,,10426,3228140,,,,,,,2500001822901,SC7-A27,
2025-09-08,,10287,3205930,,,,,,,2500000092565,SC7-A47,
2025-09-08,,10438,3221398,,,,,1,1,2500080908848,SC7-1164,
2025-09-08,,10468,3227803,,,,,1,1,2500069859437,SC7-J78,
2025-09-08,,10273,3223320,,,,,,,2500024657474,SC7-877,
2025-09-08,,10196,3214970,,,,,,,2500071457058,SC7-933,
2025-09-08,,10517,2911150,,,,,,,2500042241990,SC7-J58,
2025-09-08,,10418,3219281,,,,,,,2500045018902,SC7-983,
2025-09-08,,10522,5555555,,,,,1,,2500003727457,SC7-I93,
2025-09-08,,10179,3227427,,,,,,,2500036220895,SC7-I91,
2025-09-08,,10324,3222971,,,,,,,2500079234651,SC7-A82,
2025-09-08,,10400,3220885,,,,,,,2500024852268,SC7-A78,
2025-09-08,,20314,1005839,,,,,,,2500080842784,SC7-942,
2025-09-08,,10519,3224379,,,,,1,1,2500017305368,SC7-J61,
2025-09-08,,10353,3002103,,,,,,,2500081442655,SC7-A58,
2025-09-08,,10390,3225745,,,,,,,2500076070269,SC7-A67,
2025-09-08,,10498,3202225,,,,,,,2500078060831,SC7-769,
2025-09-08,,10458,3223031,,,,,,,2500044715734,SC7-A08,
2025-09-08,,20320,0033548,,,,,,,,,
2025-09-08,,10478,3222590,,,,,,,2500015995561,SC7-A43,
2025-09-08,,10525,3227086,,,,,,,2500045287209,SC7-J17,
2025-09-08,,10058,2914169,,,,,,,2500001207579,SC7-A85,
2025-09-08,,10316,3222932,,,,,1,1,2500037186091,SC7-1274,
2025-09-08,,20170,1006014,,,,,1,1,2500062143120,SC7-J28,
2025-09-08,,10438,3229018,,,,,,,2500063949547,SC7-969,
2025-09-08,,10414,3223295,,,,,,,2500061621605,SC7-J76,
2025-09-08,,20315,0381302,,,,,1,1,2500072365604,SC7-J23,
2025-09-08,,10420,2058001,,,,,,,2500009083731,SC7-787,
2025-09-08,,20249,0905290,,,,,1,1,2500007395713,SC7-A54,
2025-09-08,,10308,2055031,,,,,1,1,2500035359732,SC7-J05,
2025-09-08,,10440,2131010,,,,,1,,2500057143722,SC7-1115,
2025-09-08,,10442,3210307,,,,,,,2500067821665,SC7-J32,
2025-09-08,,10231,3222410,,,,,1,1,2500019528048,SC7-A16,
2025-09-08,,10404,3200176,,,,,,,2500014733164,SC7-982,
2025-09-08,,10466,3216864,,,,,1,,2500072025966,SC7-J71,
2025-09-08,,00040,5555555,,,,,1,1,2500041045926,SC7-L92,
2025-09-08,,10414,3225773,,,,,,,2500050286600,SC7-J76,
2025-09-08,,10512,3226941,,,,,,,2500037107744,SC7-1214,
2025-09-08,,10481,5555555,,,,,,,,,
2025-09-08,,10352,2914486,,,,,,,2500060486175,SC7-988,
2025-09-08,,10234,2911132,,,,,,,2500021627685,SC7-961,
2025-09-08,,10331,3226701,,,,,,,2500052223740,SC7-1155,
2025-09-08,,10420,2058001,,,,,,,2500077430932,SC7-787,
2025-09-08,,10482,3225664,,,,,,,2500035891607,SC7-999,
2025-09-08,,20310,1700063,,,,,,,2500038279082,SC7-A59,
2025-09-08,,10240,3224128,,,,,,,2500025442918,SC7-A81,
2025-09-08,,10420,2058001,,,,,,,2500009298326,SC7-787,
2025-09-08,,10456,3219669,,,,,,,2500066194586,SC7-A12,
2025-09-08,,10520,3002131,,,,,,,2500047251741,SC7-J62,
2025-09-08,,(9268,5207719,,,,,1,,2500068730096,SC7-F31,
2025-09-08,,20313,0998688,,,,,1,1,2500044167243,SC7-F89,
2025-09-08,,10450,3209759,,,,,,,2500041811569,SC7-E87,
2025-09-08,,10461,2053016,,,,,,,2500036462455,SC7-1170,
2025-09-08,,10371,3221401,,,,,1,,2500079527753,SC7-M11,
2025-09-08,,10309,5555555,,,,,1,,2500075508862,SC7-1244,
2025-09-08,,10406,2091084,,,,,,,2500017381317,SC7-J73,
2025-09-08,,10273,3224780,,,,,1,,2500049250100,SC7-877,
2025-09-08,,２1038,3221447,,,,,,,2500007954279,SC7-M08,
2025-09-08,,２1038,3215970,,,,,,,2500010912860,SC7-M08,
2025-09-08,,10514,3227497,,,,,,,2500017642449,,
2025-09-08,,10314,3221323,,,,,,,2500061881993,SC7-A01,
2025-09-08,,10509,3215763,,,,,,,2500031387050,SC7-D77,
2025-09-08,,10524,3225824,,,,,,,2500012586434,SC7-984,
2025-09-08,,10196,3214970,,,,,,,2500039910496,SC7-933,
2025-09-08,,10405,3215733,,,,,,,2500051447758,SC7-1163,
2025-09-08,,10243,3215893,,,,,,,2500027505482,SC7-A41,
2025-09-08,,10429,3203405,,,,,,,2500004796544,SC7-M04,
2025-09-08,,10243,3215893,,,,,1,,2500002851610,SC7-1127,
2025-09-08,,10309,5555555,,,,,1,,2500061899233,SC7-767,
2025-09-08,,10381,2073323,,,,,,,2500037724859,SC7-F93,
2025-09-08,,10500,3225700,,,,,1,,2500031116193,SC7-F07,
2025-09-08,,10525,3227051,,,,,,,2500003410458,SC7-J17,
2025-09-08,,10525,3227086,,,,,,,2500065074629,SC7-J17,
2025-09-08,,10316,3222932,,,,,1,1,2500067524184,SC7-1274,
2025-09-08,,10384,3226743,,,,,1,1,2500044942611,SC7-1189,
2025-09-08,,10294,3227880,,,,,,,2500021066286,SC7-1180,
2025-09-08,,10512,3225454,,,,,,,2500034808682,,
2025-09-08,,20286,1006394,,,,,,,2500072343244,SC7-M19,
2025-09-08,,10481,3226993,,,,,,,2500039896660,SC7-771,
2025-09-08,,10273,3223320,,,,,,,2500081697123,SC7-877,
2025-09-08,,10018,3002885,,,,,,,2500031377327,SC7-A84,
2025-09-08,,10482,3225664,,,,,,,2500020061855,SC7-999,
2025-09-08,,10352,2914486,,,,,,,2500003400725,SC7-988,
2025-09-08,,10196,2914215,,,,,,,2500074683898,SC7-933,
2025-09-08,,10419,2115031,,,,,,,2500013620373,,
2025-09-08,,10397,3228030,,,,,,,2500016266301,SC7-A72,
2025-09-08,,10482,3225664,,,,,,,2500051708880,SC7-999,
2025-09-08,,10280,2093225,,,,,,,2500068998274,SC7-E85,
2025-09-08,,10437,3215266,,,,,,,2500078927721,SC7-E86,
2025-09-08,,20286,1006331,,,,,,,2500001485823,SC7-M19,
2025-09-08,,20231,0381379,,,,,,,2500029373843,SC7-J31,
2025-09-08,,10418,3227565,,,,,1,1,2500076330776,SC7-1204,
2025-09-08,,10522,5555555,,,,,1,,2500082245613,SC7-K04,
2025-09-08,,10411,2063548,,,,,,,2500083385028,SC7-951,
2025-09-08,,10420,2058001,,,,,,,2500046884988,SC7-787,
2025-09-08,,10230,3209786,,,,,1,1,2500025770264,SC7-J72,
2025-09-08,,20001,1003864,,,,,,,2500070362124,SC7-E28,
2025-09-08,,20254,1004417,,,,,,,2500030205980,SC7-J50,
2025-09-08,,10514,2913255,,,,,1,1,2500043073972,SC7-A68,
2025-09-08,,10346,3222097,,,,,,,2500078029029,SC7-J75,
2025-09-08,,10198,2096606,,,,,,,2500070972224,SC7-882,
2025-09-08,,10259,3226791,,,,,,,2500078907921,SC7-1190,
2025-09-08,,10381,2073323,,,,,,,2500055206467,SC7-F93,
2025-09-08,,10308,2061083,,,,,,,2500066177343,SC7-J06,
2025-09-08,,10412,3228330,,,,,,,2500038783879,SC7-997,
2025-09-08,,10418,3227565,,,,,1,1,2500011483710,SC7-983,
2025-09-08,,10331,3226700,,,,,,,2500063071149,SC7-1155,
2025-09-08,,10447,3228868,,,,,1,1,2500039332984,SC7-E91,
2025-09-08,,10287,3208203,,,,,,,2500056572257,SC7-A47,
2025-09-08,,10518,3002803,,,,,,,2500062160363,SC7-J60,
2025-09-08,,10429,3226355,,,,,1,,2500014799382,SC7-M04,
2025-09-08,,10461,2913600,,,,,,,2500025740397,SC7-1170,
2025-09-08,,10492,3222075,,,,,1,1,2500017942433,SC7-I88,
2025-09-08,,10390,3225745,,,,,,,2500013686591,SC7-A67,
2025-09-08,,10325,2325054,,,,,,,2500039669783,SC7-1205,
2025-09-08,,10316,2913333,,,,,,,2500025981950,SC7-1274,
2025-09-08,,10428,2117078,,,,,1,,2500053554638,SC7-962,
2025-09-08,,10230,2910570,,,,,,,2500032312860,SC7-960,
2025-09-08,,10273,3225451,,,,,1,1,2500038771586,SC7-877,
2025-09-08,,10520,3215036,,,,,,,2500010142472,SC7-J62,
2025-09-08,,10314,3221323,,,,,1,1,2500019013346,SC7-A01,
2025-09-08,,10381,2073323,,,,,,,2500056882592,SC7-F93,
2025-09-08,,10247,3228637,,,,,,,2500061677473,SC7-937,
2025-09-08,,10390,3225745,,,,,,,2500082023853,SC7-A67,
2025-09-08,,10306,3229156,,,,,1,1,2500058066761,SC7-1162,
2025-09-08,,20013,1005023,,,,,,,2500047585983,SC7-1223,
2025-09-08,,10018,3216469,,,,,,,2500048905513,SC7-976,
2025-09-08,,10349,3228335,,,,,,,2500067775241,,
2025-09-08,,09236,5206322,,,,,1,,2500054069612,SC7-F09,
2025-09-08,,10229,2123244,,,,,1,,2500027237185,SC7-963,
2025-09-08,,10368,3224873,,,,,,,2500020633328,SC7-876,
2025-09-08,,10311,3223755,,,,,,,2500043361956,SC7-A75,
2025-09-08,,10469,3223899,,,,,1,,2500059462586,SC7-F97,
2025-09-08,,10410,2093125,,,,,,,2500064464520,SC7-A80,
2025-09-08,,10474,2083139,,,,,,,2500023485979,SC7-991,
2025-09-08,,20179,1800803,,,,,,,2500072006163,SC7-G33,
2025-09-08,,a (55,5555555,,,,,,,2500004592023,SC7-1583,
2025-09-08,,10415,3221910,,,,,,,2500013669358,SC7-1169,
2025-09-08,,10316,3222932,,,,,1,1,2500032391216,SC7-1274,
2025-09-08,,20315,0915268,,,,,,,2500000643613,SC7-964,
2025-09-08,,10458,3223031,,,,,,,2500076103899,SC7-A08,
2025-09-08,,10502,3224577,,,,,1,1,2500070440358,SC7-A65,
2025-09-08,,20138,0361053,,,,,,,2500065352376,SC7-J57,
2025-09-08,,10419,2115031,,,,,,,2500033695894,,
2025-09-08,,10309,5555555,,,,,1,1,2500010883689,SC7-1185,
2025-09-08,,10459,3225803,,,,,,,2500010651578,SC7-967,
2025-09-08,,10314,3210264,,,,,,,2500066672527,,
2025-09-08,,10461,3220951,,,,,,,2500057121362,SC7-F10,
2025-09-08,,10340,2912831,,,,,,,2500011461350,SC7-A77,
2025-09-08,,10505,3226800,,,,,1,,2500028347074,SC7-1132,
2025-09-08,,20247,1006404,,,,,,,2500067764894,SC7-J51,
2025-09-08,,10528,3228331,,,,,,,2500015919154,SC7-A57,
2025-09-08,,00046,5555555,,,,,1,1,2500013342626,SC7-L94,
2025-09-08,,10531,3218670,,,,,1,,2500018481474,SC7-1182,
2025-09-08,,20254,1004417,,,,,,,2500038256724,SC7-J50,
2025-09-08,,10528,3228004,,,,,,,2500075826140,SC7-A57,
2025-09-08,,10309,5555555,,,,,1,,2500048361357,SC7-J00,
2025-09-08,,10388,2913528,,,,,,,2500042530094,SC7-E90,
2025-09-08,,10426,3228140,,,,,,,2500072827959,SC7-A27,
2025-09-08,,10466,3216864,,,,,1,,2500000158780,SC7-J71,
2025-09-08,,20194,1006296,,,,,1,1,2500018742605,SC7-E29,
2025-09-08,,10448,3212858,,,,,,,2500032091109,SC7-A00,
2025-09-08,,10403,3224886,,,,,,,2500064791251,SC7-E26,
2025-09-08,,10525,3227086,,,,,,,2500017315091,SC7-J17,
2025-09-08,,10530,3225546,,,,,1,1,2500056826725,SC7-A69,
2025-09-08,,10520,3215036,,,,,,,2500079796050,SC7-J62,
2025-09-08,,20247,1006414,,,,,,,2500060545506,SC7-J51,
2025-09-08,,10372,3229020,,,,,,,2500010595582,SC7-A63,
2025-09-08,,10527,3227873,,,,,1,1,2500073845020,SC7-1174,
2025-09-08,,10498,3202225,,,,,,,2500049454621,SC7-769,
2025-09-08,,10341,2096766,,,,,,,2500075294277,SC7-A45,
2025-09-08,,10498,3202225,,,,,1,1,2500054925659,SC7-769,
2025-09-08,,10311,2123248,,,,,,,2500052954606,SC7-A75,
2025-09-08,,10331,5555555,,,,,1,1,2500072870115,SC7-1249,
2025-09-08,,09236,5000671,,,,,1,1,2500017110573,SC7-F09,
2025-09-08,,10324,3217316,,,,,,,2500037717967,SC7-A82,
2025-09-08,,10481,3225571,,,,,1,1,2500049193339,SC7-771,
2025-09-08,,10314,3227556,,,,,,,2500070979391,SC7-A01,
2025-09-08,,10522,5555555,,,,,1,,2500068476246,SC7-K08,
2025-09-08,,10299,2051015,,,,,,,2500047509699,,
2025-09-08,,10382,3209915,,,,,,,2500022095155,SC7-I90,
2025-09-08,,10353,2353007,,,,,,,2500050035543,SC7-A58,
2025-09-08,,10179,3001920,,,,,,,2500050322674,SC7-I91,
2025-09-08,,10519,2914126,,,,,1,1,2500057355415,SC7-1121,
2025-09-08,,10453,3226112,,,,,,,2500041296861,SC7-A34,
2025-09-08,,10494,3225027,,,,,1,1,2500044659748,SC7-I97,
2025-09-08,,10481,5555555,,,,,1,,2500024908255,SC7-1186,
2025-09-08,,10309,5555555,,,,,1,,2500071804203,SC7-1244,
2025-09-08,,10524,3221651,,,,,,,2500008805983,SC7-984,
2025-09-08,,10497,3002721,,,,,,,2500032051578,SC7-968,
2025-09-08,,40040,3208436,,,,,,,,,
2025-09-08,,10324,3222671,,,,,,,2500075262184,SC7-A82,
2025-09-08,,10460,5555555,,,,,,,2500032302519,SC7-1231,
2025-09-08,,09265,5208859,,,,,1,,2500070635426,SC7-J29,
2025-09-08,,10420,2058001,,,,,,,2500052439905,SC7-787,
2025-09-08,,10462,3222962,,,,,1,,2500016483111,SC7-J68,
2025-09-08,,10390,3225745,,,,,,,2500036251042,SC7-A67,
2025-09-08,,10488,3226832,,,,,,,2500036231242,SC7-A44,
2025-09-08,,10522,5555555,,,,,1,,2500066399103,SC7-I93,
2025-09-08,,10528,3228331,,,,,,,2500037097397,SC7-A57,
2025-09-08,,10474,3222139,,,,,,,2500052233473,SC7-991,
2025-09-08,,10275,3208170,,,,,,,2500051458105,SC7-973,
2025-09-08,,10517,2911150,,,,,,,2500013679425,SC7-J58,
2025-09-08,,10529,3215785,,,,,,,2500009330415,SC7-1154,
2025-09-08,,10327,2327013,,,,,,,2500003486743,SC7-928,
2025-09-08,,10522,5555555,,,,,1,,2500015577316,SC7-K04,
2025-09-08,,10522,5555555,,,,,1,,2500018137500,SC7-K04,
2025-09-08,,10420,3200817,,,,,,,2500050569352,SC7-787,
2025-09-08,,10371,3224787,,,,,1,,2500076113966,SC7-966,
2025-09-08,,10515,3224884,,,,,,,2500044156896,SC7-J38,
2025-09-08,,10492,3229202,,,,,1,,2500049813787,SC7-I88,
2025-09-08,,10299,3224769,,,,,,,2500053003587,SC7-M03,
2025-09-08,,10519,3002791,,,,,,,2500056553300,SC7-J61,
2025-09-08,,10453,3226112,,,,,,,2500008544691,SC7-A34,
2025-09-08,,10029,3202826,,,,,,,2500060813520,SC7-927,
2025-09-08,,10507,3002608,,,,,,,2500046857395,,
2025-09-08,,10309,5555555,,,,,1,,2500081142890,SC7-1185,
2025-09-08,,10468,3227803,,,,,1,,2500050082080,SC7-J78,
2025-09-08,,10445,3225402,,,,,,,2500048939761,SC7-1235,
2025-09-08,,10419,3228832,,,,,,,2500055479885,SC7-A32,
2025-09-08,,10504,3229153,,,,,1,,2500033437944,SC7-947,
2025-09-08,,10316,2103267,,,,,,,2500061938604,SC7-978,
2025-09-08,,20250,1800798,,,,,,,2500028564228,SC7-949,
2025-09-08,,10495,3225306,,,,,,,2500065916332,SC7-946,
2025-09-08,,10247,2107152,,,,,,,2500071183919,SC7-J02,
2025-09-08,,10419,2115031,,,,,,,2500044389003,,
2025-09-08,,10481,3002582,,,,,1,,2500076609025,SC7-I96,
2025-09-08,,10386,3223987,,,,,,,2500015343546,SC7-A76,
2025-09-08,,10528,3206137,,,,,,,2500039932856,SC7-A57,
2025-09-08,,10514,3228205,,,,,,,2500058620376,SC7-A68,
2025-09-08,,10468,3227803,,,,,,,2500001475756,SC7-J78,
2025-09-08,,10508,2914174,,,,,1,,2500010430579,SC7-J67,
2025-09-08,,09264,5208766,,,,,,,,,
2025-09-08,,00040,5555555,,,,,,,2500020416174,SC7-L92,
2025-09-08,,10390,3225745,,,,,,,2500055767869,SC7-A67,
2025-09-08,,10473,3222172,,,,,,,2500062497445,SC7-1171,
2025-09-08,,10514,3228205,,,,,,,2500028835083,SC7-A68,
2025-09-08,,10453,3223944,,,,,,,2500063632548,SC7-A34,
2025-09-08,,10460,3211456,,,,,1,,2500047155568,SC7-996,
2025-09-08,,10412,2060009,,,,,,,2500022993352,SC7-997,
2025-09-08,,10372,3229020,,,,,,,2500005504711,SC7-A63,
2025-09-08,,10461,2053016,,,,,,,2500079729713,SC7-F10,
2025-09-08,,10492,3002711,,,,,1,,2500019508248,SC7-I88,
2025-09-08,,40040,3208436,,,,,1,1,2500071193987,SC7-E89,
2025-09-08,,20216,0033618,,,,,1,1,2500032097996,SC7-F90,
2025-09-08,,10390,3225745,,,,,,,2500061394721,SC7-A67,
2025-09-08,,10331,5555555,,,,,1,,2500077479917,SC7-1249,
2025-09-08,,10386,3227463,,,,,,,2500073618143,SC7-A76,
2025-09-08,,10266,2116614,,,,,,,2500059159134,SC7-I94,
2025-09-08,,10179,3229092,,,,,,,2500054674595,SC7-I91,
2025-09-08,,10481,5555555,,,,,1,1,2500026365957,SC7-1186,
2025-09-08,,10420,3226758,,,,,,,2500003178969,SC7-1196,
2025-09-08,,20016,0500499,,,,,,,2500077734108,SC7-F88,
2025-09-08,,10493,3002240,,,,,1,,2500077450732,SC7-E98,
2025-09-08,,10482,3221800,,,,,,,2500050015743,SC7-999,
2025-09-08,,10346,3226794,,,,,,,2500059103144,SC7-J75,
2025-09-08,,10505,3228207,,,,,1,1,2500018157300,SC7-1132,
2025-09-08,,10492,3218632,,,,,,,2500049486431,,
2025-09-08,,10415,3221910,,,,,,,2500077219247,SC7-A25,
2025-09-08,,10327,3222664,,,,,1,,2500012259703,SC7-928,
2025-09-08,,10294,2294022,,,,,,,2500033444836,SC7-1180,
2025-09-08,,10222,3223896,,,,,,,2500063935212,SC7-A03,
2025-09-08,,10355,3213499,,,,,1,1,2500074964980,SC7-A46,
2025-09-08,,09160,5200646,,,,,1,1,2500078917654,SC7-F13,
2025-09-08,,20194,0381290,,,,,,,2500054879112,SC7-E29,
2025-09-08,,10386,2063344,,,,,1,,2500017632099,SC7-A76,
2025-09-08,,09236,5000671,,,,,1,1,2500067016498,SC7-F09,
2025-09-08,,10482,3227450,,,,,,,2500065008402,SC7-999,
2025-09-08,,10531,3226468,,,,,,,2500049476982,SC7-1573,
2025-09-08,,10502,0883615,,,,,,,2500035957822,SC7-1206,
2025-09-08,,10282,2066094,,,,,,,2500030565145,SC7-A26,
2025-09-08,,10324,3206672,,,,,,,2500001746337,SC7-A82,
2025-09-08,,10521,3227585,,,,,,,2500060001347,SC7-J63,
2025-09-08,,10528,3227795,,,,,,,2500000452000,SC7-A57,
2025-09-08,,10364,2212059,,,,,1,1,2500070691415,SC7-1253,
2025-09-08,,10420,3200817,,,,,,,2500061106621,SC7-787,
2025-09-08,, 9260,4060182,,,,,1,1,2500050896700,SC7-998,
2025-09-08,,10518,3002803,,,,,1,,2500069530145,SC7-J60,
2025-09-08,,10352,2914486,,,,,,,2500047145491,SC7-988,
2025-09-08,,10438,3221398,,,,,1,1,2500065018135,SC7-1164,
2025-09-08,,10283,5555555,,,,,1,,2500037668863,SC7-1213,
2025-09-08,,10525,3210615,,,,,,,2500082553169,SC7-1233,
2025-09-08,,10316,2913333,,,,,,,2500031104183,SC7-1274,
2025-09-08,,10429,3225133,,,,,1,1,2500075526101,SC7-777,
2025-09-08,,10445,3225402,,,,,,,2500058822336,SC7-1235,
2025-09-08,,10420,3226758,,,,,,,2500081664415,SC7-1196,
2025-09-08,,10529,3215785,,,,,,,2500040425354,SC7-1154,
2025-09-08,,10018,3002885,,,,,,,2500073131246,SC7-A84,
2025-09-08,,10306,3227811,,,,,,,2500034586924,SC7-1162,
2025-09-08,,20249,0905290,,,,,1,1,2500014501336,SC7-A54,
2025-09-08,,10508,3228064,,,,,,,2500053010752,SC7-D84,
2025-09-08,,10198,2913336,,,,,1,1,2500026639096,SC7-882,
2025-09-08,,10529,3215785,,,,,,,2500018164193,SC7-1154,
2025-09-08,,10299,3221357,,,,,1,1,2500074406145,SC7-M03,
2025-09-08,,10519,3227599,,,,,1,,2500074723426,SC7-1121,
2025-09-08,,10405,3227504,,,,,,,2500046867745,SC7-I92,
2025-09-08,,10467,2121190,,,,,1,,2500032605801,SC7-1159,
2025-09-08,,09228,5555555,,,,,1,1,2500013967522,SC7-J36,
2025-09-08,,10502,0883615,,,,,,,2500077701674,SC7-A65,
2025-09-08,,10493,3220824,,,,,1,1,2500006890929,SC7-E98,
2025-09-08,,10314,2115003,,,,,,,2500049520685,,
2025-09-08,,10309,5555555,,,,,1,,2500020950609,SC7-1185,
2025-09-08,,10514,3228205,,,,,1,1,2500051728680,SC7-A68,
2025-09-08,,10327,3227031,,,,,1,,2500016246501,SC7-A10,
2025-09-08,,10386,3211172,,,,,1,1,2500016539726,SC7-A76,
2025-09-08,,10504,3229152,,,,,1,1,2500070417992,SC7-1215,
2025-09-08,,10389,2065170,,,,,,,2500068776513,SC7-986,
2025-09-08,,10461,2053016,,,,,,,2500048119798,SC7-F10,
2025-09-08,,10445,3225402,,,,,,,2500032903280,SC7-1235,
2025-09-08,,10481,5555555,,,,,1,,2500065867238,SC7-1186,
2025-09-08,,10331,2066757,,,,,,,2500010856096,SC7-1155,
2025-09-08,,10299,3002863,,,,,,,2500072015899,SC7-A71,
2025-09-08,,10331,3207671,,,,,,,2500081135724,SC7-1155,
2025-09-08,,10281,2281081,,,,,,,2500045831082,SC7-A11,
2025-09-08,,10529,3229065,,,,,1,1,2500001273796,SC7-M07,
2025-09-08,,10420,3200817,,,,,,,2500081957517,SC7-787,
2025-09-08,,10277,3208272,,,1,,1,1,2500082572962,SC7-A17,
2025-09-08,,10350,2912489,,,,,1,,2500066138092,SC7-A70,
2025-09-08,,20310,1005356,,,,,1,1,2500041257336,SC7-A59,
2025-09-08,,10207,3228867,,,,,1,,2500067848358,SC7-930,
2025-09-08,,10390,3225745,,,,,,,2500003476676,SC7-A67,
2025-09-08,,10207,3228867,,,,,,,2500083404828,SC7-930,
2025-09-08,,10327,3222664,,,,,,,2500049466631,SC7-928,
2025-09-08,,10331,5555555,,,,,,,2500035419061,,
2025-09-08,,10371,3228069,,,,,,,2500002019638,SC7-M11,
2025-09-08,,10438,3229018,,,,,,,2500027217385,,
2025-09-08,,10297,2063503,,,,,1,1,2500052964339,SC7-E32,
2025-09-08,,10426,2121115,,,,,,,2500030786908,SC7-A27,
2025-09-08,,i (32,5555555,,,,,1,1,2500033999060,SC7-1580,
2025-09-08,,10314,3210264,,,,,,,2500025140364,SC7-A01,
2025-09-08,,10524,3225824,,,,,,,2500033762114,SC7-984,
2025-09-08,,10433,2123316,,,,,1,,2500023562267,SC7-981,
2025-09-08,,10530,3221322,,,,,,,2500065860345,SC7-K96,
2025-09-08,,10346,3226794,,,,,1,,2500001803108,SC7-J75,
2025-09-08,,10482,3227450,,,,,1,,2500082769690,SC7-999,
2025-09-08,,09265,5208859,,,,,1,,2500039639915,SC7-J29,
2025-09-08,,10196,3214970,,,,,,,2500024357206,SC7-933,
2025-09-08,,10508,3228064,,,,,,,2500030506094,SC7-D84,
2025-09-08,,20188,1002366,,,,,,,2500057658585,SC7-F92,
2025-09-08,,10299,3228570,,,,,,,2500059432435,SC7-A71,
2025-09-08,,10458,3223031,,,,,,,2500008205332,SC7-A08,
2025-09-08,,00040,5555555,,,,,1,1,2500029991115,SC7-L92,
2025-09-08,,10179,3227427,,,,,,,2500048622489,SC7-I91,
2025-09-08,,10474,2083139,,,,,,,2500079740060,SC7-991,
2025-09-08,,a (55,5555555,,,,,,,,,
2025-09-08,,10525,3227051,,,,,,,2500055701641,SC7-J17,
2025-09-08,,10179,3001920,,,,,,,2500041948890,SC7-I91,
2025-09-08,,10331,3226701,,,,,1,1,2500004569667,SC7-1155,
2025-09-08,,10459,3225003,,,,,,,2500010639569,SC7-967,
2025-09-08,,10299,2051015,,,,,,,2500062189548,SC7-A71,
2025-09-08,,10507,3228662,,,,,,,2500010479554,SC7-1135,
2025-09-08,,10287,3208203,,,,,,,2500072559775,SC7-A47,
2025-09-08,,10341,3227249,,,,,,,2500019240223,SC7-A45,
2025-09-08,,10420,2058001,,,,,,,2500074954639,SC7-787,
2025-09-08,,10518,3002808,,,,,1,,2500013613207,SC7-J60,
2025-09-08,,10273,3223320,,,,,,,2500055962035,SC7-877,
2025-09-08,,10460,5555555,,,,,,,2500074713076,SC7-1231,
2025-09-08,,10352,2914486,,,,,,,2500027170963,SC7-988,
2025-09-08,,10371,3228069,,,,,1,1,2500010585514,SC7-M11,
2025-09-08,,10397,2156004,,,,,1,1,2500023552190,SC7-1177,
2025-09-08,,10232,2914226,,,,,,,2500029733289,SC7-E92,
2025-09-08,,20312,0034833,,,,,,,2500036875637,SC7-F96,
2025-09-08,,10232,2232006,,,,,,,2500015621293,SC7-E92,
2025-09-08,,10481,3228763,,,,,,,2500012788395,SC7-I96,
2025-09-08,,２1038,3221447,,,,,,,2500072643238,SC7-M08,
2025-09-08,,10522,5555555,,,,,1,,2500044738092,SC7-K04,
2025-09-08,,10530,3228271,,,,,1,,2500026627086,SC7-L09,
2025-09-08,,10308,3220429,,,,,,,2500075020975,SC7-J05,
2025-09-08,,10445,3225402,,,,,,,2500041015776,SC7-A49,
2025-09-08,,20263,1005780,,,,,,,2500080370089,SC7-D81,
2025-09-08,,2 (40,5555555,,,,,1,1,2500077162635,SC7-1581,
2025-09-08,,10515,3224884,,,,,,,2500054591137,SC7-J38,
2025-09-08,,10368,3227065,,,,,,,2500061645663,SC7-J64,
2025-09-08,,10482,3227450,,,,,,,2500064781528,SC7-999,
2025-09-08,,10441,3211178,,,,,,,2500050847726,SC7-788,
2025-09-08,,10482,3227500,,,,,,,2500051986790,SC7-999,
2025-09-08,,10433,2123316,,,,,1,1,2500060023707,SC7-981,
2025-09-08,,10405,3227504,,,,,1,1,2500080293678,SC7-1163,
2025-09-08,,10472,3228397,,,,,,,2500044444870,SC7-A66,
2025-09-08,,10507,3228662,,,,,,,2500042195576,SC7-1135,
2025-09-08,,10482,3221800,,,,,,,2500066128369,SC7-999,
2025-09-08,,10306,3229156,,,,,1,1,2500005448848,SC7-1162,
2025-09-08,,10039,3210313,,,1,,1,1,2500017603075,SC7-E33,
2025-09-08,,10341,3227249,,,,,,,2500045765028,SC7-A45,
2025-09-08,,10362,3215988,,,,,,,2500075843383,SC7-E88,
2025-09-08,,10461,2053016,,,,,,,2500012237343,SC7-1170,
2025-09-08,,10449,2063366,,,,,1,1,2500063354013,SC7-1262,
2025-09-08,,10466,3221495,,,,,,,2500039111220,SC7-938,
2025-09-08,,10247,3223776,,,,,1,,2500006280706,SC7-937,
2025-09-08,,20286,1800790,,,,,,,2500020406441,SC7-E96,
2025-09-08,,(9268,5207719,,,,,1,,2500064473973,SC7-F31,
2025-09-08,,00046,5555555,,,,,1,,2500004242317,SC7-L94,
2025-09-08,,10299,2051015,,,,,,,2500005103471,SC7-A71,
2025-09-08,,10431,3200428,,,,,1,,2500018425324,SC7-F06,
2025-09-08,,10433,3228241,,,,,,,2500081159782,SC7-1151,
2025-09-08,,10414,3225773,,,,,,,2500061050139,SC7-J76,
2025-09-08,,20315,1003714,,,,,,,2500067231082,SC7-964,
2025-09-08,,10234,3220989,,,,,,,2500002881761,SC7-961,
2025-09-08,,10466,2910307,,,,,,,2500070701480,SC7-938,
2025-09-08,,20138,1800113,,,,,,,2500066681970,SC7-J57,
2025-09-08,,10349,3226376,,,,,,,2500073175103,SC7-1125,
2025-09-08,,10419,2115031,,,,,,,2500081453002,SC7-A83,
2025-09-08,,10369,3209329,,,,,,,2500033427594,SC7-1149,
2025-09-08,,10503,5555555,,,,,,,,,
2025-09-08,,10426,3228140,,,,,,,2500078018672,SC7-A27,
2025-09-08,,10437,2913875,,,,,,,2500006597989,SC7-1128,
2025-09-08,,10273,3223320,,,,,,,2500047812867,SC7-877,
2025-09-08,,20263,1005780,,,,,,,2500002600836,SC7-D81,
2025-09-08,,10419,2115031,,,,,,,2500055152535,SC7-A83,
2025-09-08,,10346,3226794,,,,,,,2500051391884,SC7-J75,
2025-09-08,,10493,3002240,,,,,1,,2500047324971,SC7-E98,
2025-09-08,,20316,0904944,,,,,1,1,2500044989036,SC7-J26,
2025-09-08,,10497,2096827,,,,,1,1,2500001552167,SC7-1119,
2025-09-08,,10322,2322023,,,,,,,2500062477645,SC7-971,
2025-09-08,,20231,1005941,,,,,1,1,2500004525809,SC7-J31,
2025-09-08,,10420,2135003,,,,,,,2500076126256,SC7-787,
2025-09-08,,20213,1002651,,,,,,,2500020396377,SC7-881,
2025-09-08,,20316,1006253,,,,,1,1,2500004020557,SC7-J26,
2025-09-08,,10461,2913600,,,,,,,2500021046486,SC7-1170,
2025-09-08,,10018,3002885,,,,,,,2500043084329,SC7-A84,
2025-09-08,,10515,3224884,,,,,,,2500049500885,SC7-J38,
2025-09-08,,10232,2232006,,,,,,,2500057805637,SC7-E92,
2025-09-08,,20286,1800790,,,,,,,2500006551561,SC7-M19,
2025-09-08,,10490,5555555,,,,,1,,2500020330036,SC7-A51,
2025-09-08,,10460,3228443,,,,,,,2500060245468,,
2025-09-08,,10039,3202667,,,,,,,2500068119211,SC7-M13,
2025-09-08,,10493,3002240,,,,,1,,2500000990762,SC7-E98,
2025-09-08,,10448,3229070,,,,,1,,2500074169194,SC7-1200,
2025-09-08,,10482,3225664,,,,,,,2500020389201,SC7-999,
2025-09-08,,10431,3200428,,,,,,,2500030237790,SC7-F06,
2025-09-08,,20016,0500499,,,,,,,2500000936715,SC7-F88,
2025-09-08,,10453,3226112,,,,,,,2500072858106,SC7-A34,
2025-09-08,,10058,2083330,,,,,,,2500080339932,SC7-A85,
2025-09-08,,10525,3227086,,,,,,,2500053842735,SC7-1183,
2025-09-08,,10229,3228650,,,,,1,1,2500075281987,SC7-1118,
2025-09-08,,10299,2051015,,,,,,,2500063159847,SC7-A71,
2025-09-08,,10448,3202647,,,,,1,1,2500078974145,SC7-1200,
2025-09-08,,10522,5555555,,,,,1,1,2500043623085,SC7-K04,
2025-09-08,,10281,3228541,,,,,1,1,2500062704529,SC7-A11,
2025-09-08,,10403,2081128,,,,,1,1,2500032873989,SC7-E26,
2025-09-08,,10299,3002863,,,,,,,2500040435704,SC7-A71,
2025-09-08,,10231,3222410,,,,,,,2500063652348,SC7-A16,
2025-09-08,,10196,2914215,,,,,,,2500053835560,SC7-933,
2025-09-08,,20194,0381187,,,,,1,1,2500038510574,SC7-E29,
2025-09-08,,10525,3226992,,,,,,,2500020089446,SC7-1183,
2025-09-08,,10445,3225402,,,,,,,2500006310007,SC7-1235,
2025-09-08,,10248,3222234,,,,,,,2500068764220,SC7-985,
2025-09-08,,10365,3227929,,,,,,,2500014472032,SC7-F03,
2025-09-08,,10018,3228793,,,,,1,1,2500058832403,SC7-A84,
2025-09-08,,10488,3226832,,,,,,,2500021022589,SC7-A44,
2025-09-08,,10248,3228677,,,,,,,2500003466943,SC7-985,
2025-09-08,,10505,3226800,,,,,,,2500074462134,SC7-1132,
2025-09-08,,10414,3226488,,,,,,,2500006019696,SC7-K03,
2025-09-08,,10277,2113426,,,,,1,1,2500083057673,SC7-1146,
2025-09-08,,10369,3209329,,,,,,,2500043893822,SC7-1149,
2025-09-08,,10329,5555555,,,,,1,1,2500033715691,SC7-J01,
2025-09-08,,09228,5555555,,,,,1,,2500029684185,SC7-J36,
2025-09-08,,10415,3221910,,,,,,,2500062150296,SC7-A25,
2025-09-08,,10311,2123248,,,,,,,2500030272043,SC7-A75,
2025-09-08,,10352,2914486,,,,,,,2500007646495,SC7-988,
2025-09-08,,10525,3227544,,,,,,,2500046389926,SC7-1183,
2025-09-08,,10461,2053016,,,,,,,2500010922319,SC7-1170,
2025-09-08,,10514,2913255,,,,,,,2500002300569,SC7-A68,
2025-09-08,,10232,2232006,,,,,,,2500023254483,SC7-E92,
2025-09-08,,10474,2083139,,,,,,,2500007429968,SC7-991,
2025-09-08,,10283,5555555,,,,,1,1,2500017054587,SC7-1213,
2025-09-08,,10481,3226993,,,,,,,2500076407065,SC7-771,
2025-09-08,,10460,3223982,,,,,1,1,2500031763755,SC7-996,
2025-09-08,,00046,5555555,,,,,1,,2500024645181,SC7-L94,
2025-09-08,,10309,5555555,,,,,1,1,2500059967210,SC7-1185,
2025-09-08,,10426,3228140,,,,,,,2500044187043,SC7-A27,
2025-09-08,,10282,3223078,,,,,,,2500035630473,SC7-A26,
2025-09-08,,10419,2115031,,,,,1,1,2500054918484,SC7-A83,
2025-09-08,,10482,3227450,,,,,,,2500022927135,SC7-999,
2025-09-08,,10482,3227450,,,,,,,2500049173539,SC7-999,
2025-09-08,,10275,3208170,,,,,,,2500006329801,SC7-973,
2025-09-08,,10058,2914169,,,,,,,2500065896535,SC7-A85,
2025-09-08,,10365,2128003,,,,,,,2500026405325,SC7-1181,
2025-09-08,,20228,0926905,,,,,1,1,2500008251759,SC7-J30,
2025-09-08,,10386,3221447,,,,,,,2500018708359,SC7-A76,
2025-09-08,,20312,1800712,,,,,,,2500031074035,SC7-F96,
2025-09-08,,10231,3222410,,,,,1,1,2500006617786,SC7-A16,
2025-09-08,,10352,0904448,,,,,,,2500031331060,SC7-1161,
2025-09-08,,20242,0034127,,,,,1,1,2500070989468,SC7-775,
2025-09-08,,10437,3215266,,,,,,,2500017391385,SC7-1128,
2025-09-08,,10294,2294022,,,,,,,2500038567066,SC7-1180,
2025-09-08,,10481,5555555,,,,,,,2500008508501,,
2025-09-08,,20286,1800790,,,,,,,2500032863911,SC7-M19,
2025-09-08,,10524,3221651,,,,,,,2500056804365,SC7-984,
2025-09-08,,10294,2294022,,,,,,,2500066969955,SC7-1180,
2025-09-08,,10456,3219669,,,,,1,,2500037962084,SC7-A12,
2025-09-08,,10502,3224577,,,,,1,1,2500072914093,SC7-A65,
2025-09-08,,10521,3226595,,,,,1,1,2500054037529,SC7-1123,
2025-09-08,,10453,3226112,,,,,,,2500083667896,SC7-A34,
2025-09-08,,10522,5555555,,,,,1,,2500066950151,SC7-K04,
2025-09-08,,10505,3002212,,,,,1,,2500061060206,SC7-1132,
2025-09-08,,10481,3228763,,,,,,,2500068991107,SC7-I96,
2025-09-08,,20230,1004263,,,,,,,2500066421460,SC7-F91,
2025-09-08,,10418,3210901,,,,,,,2500066748192,SC7-983,
2025-09-08,,a (23,5555555,,,,,1,1,2500012530284,SC7-1579,
2025-09-08,,10377,3214627,,,,,,,2500063688538,SC7-1134,
2025-09-08,,20316,0904944,,,,,1,1,2500082506622,SC7-J26,
2025-09-08,,10490,5555555,,,,,,,2500079478772,,
2025-09-08,,10331,5555555,,,,,,,2500009364540,,
2025-09-08,,10522,5555555,,,,,1,,2500056860231,SC7-I93,
2025-09-08,,10492,3218632,,,,,1,,2500006573921,SC7-I88,
2025-09-08,,10331,5555555,,,,,1,1,2500000720185,SC7-785,
2025-09-08,,10282,2912495,,,,,1,1,2500064484320,SC7-A26,
2025-09-08,,10331,5555555,,,,,,,2500071174184,,
2025-09-08,,10456,3225303,,,,,,,2500061067373,SC7-A12,
2025-09-08,,10420,3226758,,,,,,,2500039583768,SC7-1196,
2025-09-08,,10299,2051015,,,,,,,2500073551921,,
2025-09-08,,10512,3224032,,,,,,,2500065094429,SC7-1214,
2025-09-08,,10522,5555555,,,,,1,,2500016800116,SC7-K04,
2025-09-08,,10457,3221610,,,,,,,2500021868279,SC7-A20,
2025-09-08,,10248,3228677,,,,,,,2500071745032,SC7-985,
2025-09-08,,i (32,5555555,,,,,,,2500050837659,SC7-1580,
2025-09-08,,10508,3228064,,,,,,,2500060552399,SC7-J67,
2025-09-08,,10240,2066096,,,,,,,2500002905825,SC7-A81,
2025-09-08,,10444,3001736,,,,,1,,2500017032226,SC7-936,
2025-09-08,,09265,5208859,,,,,,,2500046335879,SC7-J29,
2025-09-08,,20242,0034127,,,,,,,2500059947410,SC7-775,
2025-09-08,,10364,2133179,,,,,,,2500038539759,SC7-977,
2025-09-08,,10377,2121170,,,,,,,2500036837000,SC7-1134,
2025-09-08,,10401,3222598,,,,,,,2500017930423,SC7-A18,
2025-09-08,,10522,5555555,,,,,,,2500081674766,SC7-I93,
2025-09-08,,10497,3002721,,,,,1,1,2500028541861,SC7-968,
2025-09-08,,10443,3213562,,,,,1,,2500015545506,SC7-A23,
2025-09-08,,10419,2115031,,,,,,,2500082004050,SC7-A83,
2025-09-08,,10494,3002727,,,,,1,,2500068109489,SC7-957,
2025-09-08,,20267,1700073,,,,,,,2500039362004,SC7-940,
2025-09-08,,20267,1700073,,,,,,,,,
2025-09-08,,10433,3228141,,,,,,,2500070625076,SC7-1151,
2025-09-08,,10240,3221985,,,,,,,2500079190957,SC7-A81,
2025-09-08,,10410,3224551,,,,,,,2500051381533,SC7-A80,
2025-09-08,,10309,5555555,,,,,1,,2500078580070,SC7-1185,
2025-09-08,,00997,5207968,,,,,1,1,2500070962157,SC7-J34,
2025-09-08,,10039,2911664,,,,,1,1,2500011427561,SC7-E33,
2025-09-08,,10494,3226297,,,,,,,2500034325790,SC7-I97,
2025-09-08,,10299,2051015,,,,,,,2500078245559,SC7-A71,
2025-09-08,,10234,3221132,,,,,,,2500048149948,SC7-1197,
2025-09-08,,２1038,3215970,,,,,,,2500052666783,SC7-M08,
2025-09-08,,10316,2913333,,,,,,,2500020689479,SC7-1274,
2025-09-08,,10273,3223320,,,,,,,2500001495556,SC7-877,
2025-09-08,,00891,5203315,,,,,1,1,2500038807773,SC7-F17,
2025-09-08,,10370,3000084,,,,,,,2500039920846,SC7-A05,
2025-09-08,,10390,3225746,,,,,,,2500069308386,SC7-A67,
2025-09-08,,10294,2294022,,,,,,,2500040447714,SC7-1180,
2025-09-08,,10531,3228893,,,,,,,2500025149817,SC7-1572,
2025-09-08,,10397,3228030,,,,,,,2500061116354,SC7-A72,
2025-09-08,,10524,3225825,,,,,,,2500072062312,SC7-984,
2025-09-08,,10521,3227585,,,,,,,2500044120705,SC7-J63,
2025-09-08,,10331,3226611,,,,,,,2500004786477,SC7-1155,
2025-09-08,,10529,3227943,,,,,1,,2500038232827,SC7-1154,
2025-09-08,,20247,1006414,,,,,,,2500076598954,SC7-J51,
2025-09-08,,10529,3215785,,,,,,,2500046345946,SC7-1154,
2025-09-08,,20170,1800729,,,,,1,,2500017325168,SC7-J28,
2025-09-08,,20286,1800790,,,,,,,2500078051389,SC7-M19,
2025-09-08,,10297,2911461,,,,,1,1,2500024591259,SC7-E32,
2025-09-08,,10329,5555555,,,,,1,,2500028076332,SC7-A30,
2025-09-08,,20247,1006414,,,,,,,2500007927587,SC7-J51,
2025-09-08,,10368,3227065,,,,,,,2500051435748,SC7-J64,
2025-09-08,,10327,2910421,,,,,,,2500008281626,SC7-928,
2025-09-08,,00997,5207968,,,,,1,1,2500028327274,SC7-J34,
2025-09-08,,10502,3224577,,,,,1,1,2500011471427,SC7-A65,
2025-09-08,,10525,3227086,,,,,,,2500045210795,SC7-1183,
2025-09-08,,10519,3002791,,,,,,,2500078543723,SC7-J61,
2025-09-08,,10459,3215661,,,,,1,1,2500082292037,SC7-967,
2025-09-08,,10294,2294022,,,,,,,2500072838306,SC7-1180,
2025-09-08,,10294,2294022,,,,,,,2500028357141,SC7-1180,
2025-09-08,,10299,3224769,,,,,,,2500028003109,SC7-M03,
2025-09-08,,20263,1005780,,,,,,,2500069830252,SC7-D81,
2025-09-08,,10382,3227393,,,,,,,2500060264414,SC7-I90,
2025-09-08,,20001,0500560,,,,,,,2500033976702,SC7-J56,
2025-09-08,,10520,3215036,,,,,,,2500074122779,SC7-J62,
2025-09-08,,10507,3002608,,,,,,,2500021036418,SC7-1135,
2025-09-08,,10419,2115031,,,,,,,2500028280852,,
2025-09-08,,10058,2085151,,,,,,,2500002917835,SC7-A85,
2025-09-08,, 9140,5555555,,,,,1,1,2500050352824,SC7-A39,
2025-09-08,,o (71,5555555,,,,,,,2500061348182,SC7-1584,
2025-09-08,,10415,3221910,,,,,,,2500006880852,SC7-A25,
2025-09-08,,10196,3214970,,,,,,,2500056794017,SC7-933,
2025-09-08,,10460,5555555,,,,,,,2500074934839,SC7-1231,
2025-09-08,,10495,3002316,,,,,1,1,2500073594089,SC7-946,
2025-09-08,,10461,2053016,,,,,,,2500074945187,SC7-1170,
2025-09-08,,10331,5555555,,,,,1,1,2500058076210,SC7-1249,
2025-09-08,,10502,3224577,,,,,1,1,2500082302101,SC7-A65,
2025-09-08,,10437,3215266,,,,,,,2500043588834,SC7-1128,
2025-09-08,,10198,2075192,,,,,1,1,2500081721187,SC7-882,
2025-09-08,,10309,5555555,,,,,1,,2500081182148,SC7-1244,
2025-09-08,,10522,5555555,,,,,1,,2500049783912,SC7-I93,
2025-09-08,,10352,2914486,,,,,,,2500020072202,SC7-988,
2025-09-08,,10280,2093225,,,,,,,2500074188997,SC7-E85,
2025-09-08,,10500,0915780,,,,,1,,2500061655112,SC7-1260,
2025-09-08,,20249,0905290,,,,,,,,,
2025-09-08,,20025,1002055,,,,,,,2500009608668,SC7-773,
2025-09-08,,10519,3224379,,,,,,,2500025467096,SC7-J61,
2025-09-08,,10505,3002212,,,,,1,1,2500066455090,SC7-1132,
2025-09-08,,10340,3226071,,,,,,,2500027514934,SC7-A77,
2025-09-08,,10482,3225664,,,,,,,2500067538013,SC7-999,
2025-09-08,,20247,1005723,,,,,1,1,2500070091260,SC7-766,
2025-09-08,,10058,3213250,,,,,,,2500016493189,SC7-A85,
2025-09-08,,10346,3226794,,,,,,,2500004515732,SC7-J75,
2025-09-08,,10412,3223544,,,,,,,2500013069325,SC7-997,
2025-09-08,,10287,3228669,,,,,,,2500043632810,SC7-A47,
2025-09-08,,10395,3225351,,,,,1,1,2500044959855,SC7-786,
2025-09-08,,10528,3228004,,,,,1,,2500027448871,SC7-A57,
2025-09-08,,10524,3207235,,,,,1,1,2500065306119,SC7-F05,
2025-09-08,,20231,0381379,,,,,,,2500000663413,SC7-J31,
2025-09-08,,09173,5207891,,,,,,,2500081710839,SC7-F22,
2025-09-08,,a (23,5555555,,,,,1,1,2500007944829,SC7-1579,
2025-09-08,,10420,2058001,,,,,,,2500026394971,SC7-787,
2025-09-08,,10528,3228208,,,,,,,2500021273363,SC7-A57,
2025-09-08,,10322,2123446,,,,,1,,2500054057329,SC7-971,
2025-09-08,,10522,5555555,,,,,1,,2500028573954,SC7-K04,
2025-09-08,,10196,3214970,,,,,,,2500071230170,SC7-933,
2025-09-08,,10498,3202225,,,,,1,,2500038490777,SC7-769,
2025-09-08,,10390,3225745,,,,,,,2500039659715,SC7-A67,
2025-09-08,,20001,0034473,,,,,,,2500077209170,SC7-J56,
2025-09-08,,10458,3223031,,,,,,,2500039593491,SC7-A08,
2025-09-08,,00040,5555555,,,,,,,2500005084640,SC7-L92,
2025-09-08,,10179,3229092,,,,,,,2500018146953,SC7-I91,
2025-09-08,,10401,3218842,,,,,,,2500025992024,SC7-A18,
2025-09-08,,10507,3002608,,,,,,,2500047184742,SC7-1135,
2025-09-08,,10299,2051015,,,,,,,2500058086561,SC7-A71,
2025-09-08,,o (71,5555555,,,,,,,2500009386900,SC7-1584,
2025-09-08,,10468,3227803,,,,,,,2500014230472,SC7-J78,
2025-09-08,,10431,3226247,,,,,,,2500076658122,SC7-1143,
2025-09-08,,10449,2063366,,,,,1,1,2500050615899,SC7-A55,
2025-09-08,,10518,3228693,,,,,,,2500076879886,SC7-1271,
2025-09-08,,10207,3228867,,,,,,,2500057104358,SC7-930,
2025-09-08,,10503,5555555,,,,,1,,2500012576701,SC7-1210,
2025-09-08,,10248,3212337,,,,,,,2500026412217,SC7-985,
2025-09-08,,10365,2128003,,,,,,,2500070140364,SC7-1181,
2025-09-08,,10387,3203483,,,,,,,2500079759864,SC7-979,
2025-09-08,,10381,2073323,,,,,,,2500048083723,SC7-F93,
2025-09-08,,10429,3203405,,,,,,,2500067277509,SC7-M04,
2025-09-08,,10389,2913245,,,,,,,2500044398456,SC7-1195,
2025-09-08,,10341,2341053,,,,,,,2500023496043,SC7-A45,
2025-09-08,,10442,3217104,,,,,,,2500065623117,SC7-965,
2025-09-08,,10460,5555555,,,,,1,,2500057375215,SC7-1231,
2025-09-08,,10474,3226418,,,,,,,2500068447222,SC7-991,
2025-09-08,,10322,2275038,,,,,,,2500081201948,SC7-971,
2025-09-08,,10382,3227393,,,,,1,1,2500033735149,SC7-I90,
2025-09-08,,10322,2123446,,,,,,,2500008522330,SC7-971,
2025-09-08,,10281,3223605,,,,,1,,2500078041038,SC7-M10,
2025-09-08,,10273,3225451,,,,,,,2500034305990,SC7-877,
2025-09-08,,10502,3229133,,,,,,,2500078556013,SC7-A65,
2025-09-08,,10445,3225402,,,,,,,2500069566335,SC7-1235,
2025-09-08,,20170,1800729,,,,,1,1,2500047868857,SC7-J28,
2025-09-08,,10342,3228224,,,,,1,1,2500004000757,SC7-875,
2025-09-08,,10058,2914169,,,,,,,2500068503218,SC7-A85,
2025-09-08,,10389,3221679,,,,,,,2500029103266,SC7-986,
2025-09-08,,10340,3210966,,,,,1,1,2500038202677,SC7-A77,
2025-09-08,,20310,1700063,,,,,,,2500072072380,SC7-A59,
2025-09-08,,10308,2055031,,,,,1,1,2500000432200,SC7-J05,
2025-09-08,,10196,2914215,,,,,1,,2500009320683,SC7-933,
2025-09-08,,10521,3227585,,,,,1,1,2500011154429,SC7-J63,
2025-09-08,,10322,2123446,,,,,,,2500022710607,SC7-971,
2025-09-08,,a (23,5555555,,,,,1,1,2500072577014,SC7-1579,
2025-09-08,,10449,3000551,,,,,1,1,2500019801349,SC7-A55,
2025-09-08,,10460,5555555,,,,,,,2500027439145,SC7-1231,
2025-09-08,,20315,1006094,,,,,1,,2500017659683,SC7-J23,
2025-09-08,,10527,3227873,,,,,1,1,2500040481961,SC7-1212,
2025-09-08,,10414,3220448,,,,,,,2500002317802,SC7-1192,
2025-09-08,,10474,3222139,,,,,,,2500062443398,SC7-991,
2025-09-08,,20286,1006331,,,,,,,2500083050780,SC7-M19,
2025-09-08,,10459,2912231,,,,,1,1,2500075516034,SC7-967,
2025-09-08,,09236,5000671,,,,,1,1,2500037390610,SC7-F09,
2025-09-08,,10519,3227599,,,,,,,2500029159256,SC7-J61,
2025-09-08,,10314,3207499,,,,,1,1,2500030833442,SC7-I89,
2025-09-08,,10058,3213250,,,,,,,2500059664546,SC7-A85,
2025-09-08,,10489,3002116,,,,,1,1,2500054364250,SC7-932,
2025-09-08,,10518,3229224,,,,,1,,2500073851915,SC7-1271,
2025-09-08,,10482,3221800,,,,,,,2500007122418,SC7-999,
2025-09-08,,10331,2066757,,,,,1,1,2500030816209,SC7-1155,
2025-09-08,,10058,3213250,,,,,,,2500067221014,SC7-A85,
2025-09-08,,09145,5208151,,,,,1,1,2500001264060,SC7-F15,
2025-09-08,,20179,0034821,,,,,,,2500066118292,SC7-G33,
2025-09-08,,10340,3210966,,,,,,,2500078686161,SC7-A77,
2025-09-08,,10508,3220873,,,,,,,2500037735206,SC7-D84,
2025-09-08,,10525,3227086,,,,,,,2500062724329,SC7-1183,
2025-09-08,,10287,3205930,,,,,,,2500027992756,SC7-A47,
2025-09-08,,10243,3215893,,,,,,,2500081115924,SC7-1127,
2025-09-08,,20249,0905290,,,,,1,1,2500028901306,SC7-A54,
2025-09-08,,10420,2135003,,,,,,,2500080638264,SC7-1196,
2025-09-08,,10400,3220885,,,,,,,2500029973876,SC7-A78,
2025-09-08,,10281,3211121,,,,,1,,2500017371585,SC7-M10,
2025-09-08,,10388,2913528,,,,,,,2500000124655,SC7-E90,
2025-09-08,,20249,0905290,,,,,1,1,2500013058978,SC7-A54,
2025-09-08,,10522,5555555,,,,,1,,2500041791762,SC7-K08,
2025-09-08,,10282,2066094,,,,,,,2500046119066,SC7-A26,
2025-09-08,,10520,3223490,,,,,,,2500021551270,SC7-A62,
2025-09-08,,10437,3215266,,,,,,,2500040718579,SC7-E86,
2025-09-08,,10514,2913255,,,,,,,2500021561347,SC7-1263,
2025-09-08,,i (32,5555555,,,,,1,1,2500024928055,SC7-1580,
2025-09-08,,10331,3207671,,,,,,,2500033484207,SC7-1155,
2025-09-08,,10346,3226794,,,,,,,2500058327152,SC7-J75,
2025-09-08,,10522,5555555,,,,,1,,2500041026123,SC7-K04,
2025-09-08,,10465,3216707,,,,,,,2500011144079,SC7-A56,
2025-09-08,,10460,5555555,,,,,1,,2500042995626,SC7-1231,
2025-09-08,,10322,2123446,,,,,,,2500005458298,SC7-971,
2025-09-08,,10415,3221910,,,,,,,2500048962127,SC7-A25,
2025-09-08,,10433,3228241,,,,,,,2500018127150,SC7-1151,
2025-09-08,,10341,3205262,,,,,,,2500051689318,SC7-A45,
2025-09-08,,10460,5555555,,,,,1,1,2500003964685,SC7-1231,
2025-09-08,,10309,5555555,,,,,1,,2500020643051,SC7-1244,
2025-09-08,,10266,2116614,,,,,,,2500032586001,SC7-I94,
2025-09-08,,10368,3221272,,,,,,,2500063093509,SC7-876,
2025-09-08,,10316,2913333,,,,,,,2500083116844,SC7-1274,
2025-09-08,,10466,2910307,,,,,,,2500070952424,SC7-938,
2025-09-08,,20242,0389582,,,,,,,2500020989876,SC7-1577,
2025-09-08,,10382,3226452,,,,,1,,2500025216038,SC7-I90,
2025-09-08,,09160,5200646,,,,,1,,2500063364364,SC7-F13,
2025-09-08,,10520,3215036,,,,,,,2500060228225,SC7-J62,
2025-09-08,,10414,3227190,,,,,,,2500039381807,SC7-K03,
2025-09-08,,10444,3001736,,,,,1,,2500024861994,SC7-936,
2025-09-08,,00024,5555555,,,,,,,2500029935249,SC7-L95,
2025-09-08,,10344,3226141,,,,,1,,2500026682955,SC7-880,
2025-09-08,,10341,3227249,,,,,,,2500013937372,SC7-I98,
2025-09-08,,10474,3210183,,,,,,,2500044999103,SC7-991,
2025-09-08,,10346,3225959,,,,,,,2500081686776,SC7-J75,
2025-09-08,,10390,3224356,,,,,,,2500024340192,SC7-A67,
2025-09-08,,o (71,5555555,,,,,1,1,2500051950449,SC7-1584,
2025-09-08,,   72,46251dea-5134-9398-dd54-c148bac06a75,,,,,1,1,2500044464670,SC7-L96,
2025-09-08,,10404,3224220,,,,,1,1,2500001241702,SC7-982,
2025-09-08,,10441,3225396,,,,,1,1,2500012032825,SC7-788,
2025-09-08,,10311,2123248,,,,,,,2500055196393,SC7-A75,
2025-09-08,,10340,3227771,,,,,1,1,2500072319065,SC7-A77,
2025-09-08,,10458,3223031,,,,,,,2500060496525,SC7-A08,
2025-09-08,,0403 ,3227324,,,,,1,,2500048341557,SC7-1224,
2025-09-08,,10490,5555555,,,,,,,2500009598594,,
2025-09-08,,10308,2055031,,,,,1,,2500038288817,SC7-J06,
2025-09-08,,10502,3229133,,,,,1,1,2500026900387,SC7-A65,
2025-09-08,,10371,3228069,,,,,1,1,2500048971570,SC7-M11,
2025-09-08,,20240,1005917,,,,,1,1,2500079471889,SC7-D89,
2025-09-08,,10384,3226743,,,,,,,2500018408082,SC7-1189,
2025-09-08,,10283,5555555,,,,,1,,2500022161492,SC7-E93,
2025-09-08,,10459,2912231,,,,,,,2500071487208,SC7-967,
2025-09-08,,10058,2910246,,,,,,,2500010413336,SC7-1275,
2025-09-08,,10500,3226548,,,,,1,,2500022937486,SC7-1199,
2025-09-08,,   72,46251dea-5134-9398-dd54-c148bac06a75,,,,,,,2500030757038,SC7-L96,
2025-09-08,,10410,3211029,,,,,,,2500042186123,SC7-J08,
2025-09-08,,10368,3218596,,,,,,,2500051174456,SC7-J64,
2025-09-08,,10058,2085151,,,,,,,2500011986402,SC7-A85,
2025-09-08,,10445,3225402,,,,,,,2500080000573,SC7-1235,
2025-09-08,,09145,5208151,,,,,1,1,2500022442300,SC7-F15,
2025-09-08,,10322,3224504,,,,,,,2500069869504,SC7-971,
2025-09-08,,10369,3209329,,,,,,,2500049239754,SC7-1149,
2025-09-08,,10018,3224996,,,,,,,2500021821854,SC7-A84,
2025-09-08,,10429,3203405,,,,,,,2500025972224,SC7-M04,
2025-09-08,,10448,3212858,,,,,,,2500036501987,SC7-A00,
2025-09-08,,09264,5208766,,,,,,,2500059135237,SC7-J27,
2025-09-08,,10382,3227393,,,,,,,2500007419617,SC7-I90,
2025-09-08,,10507,3228603,,,,,1,1,2500055450587,SC7-1135,
2025-09-08,,10381,2073323,,,,,,,2500070644879,SC7-F93,
2025-09-08,,10346,3226794,,,,,,,2500049754738,SC7-J75,
2025-09-08,,10207,3228867,,,,,1,,2500026422568,SC7-930,
2025-09-08,,20314,1005839,,,,,,,2500023779078,SC7-942,
2025-09-08,,10510,3215715,,,,,1,1,2500024113314,SC7-F00,
2025-09-08,,10481,5555555,,,,,,,,,
2025-09-08,,10340,3226071,,,,,,,2500059169485,SC7-A77,
2025-09-08,,10275,3224213,,,,,,,2500047519766,,
2025-09-08,,(9055,1700000,,,,,1,1,2500029656878,SC7-J46,
2025-09-08,,10520,3002131,,,,,,,2500026346154,SC7-J62,
2025-09-08,,10445,3225402,,,,,,,2500008478637,SC7-A49,
2025-09-08,,20013,0370265,,,,,,,2500066960501,SC7-878,
2025-09-08,,10377,2121170,,,,,,,2500075228050,SC7-1134,
2025-09-08,,10490,5555555,,,,,,,2500037400685,SC7-F95,
2025-09-08,,10331,5555555,,,,,1,1,2500010162272,SC7-1249,
2025-09-08,,00035,5555555,,,,,,,2500040154612,SC7-L93,
2025-09-08,,10384,2913239,,,,,,,2500052243540,SC7-J20,
2025-09-08,,10370,3221468,,,,,,,2500009310615,SC7-A05,
2025-09-08,,10502,0883615,,,,,,,2500009027742,SC7-A65,
2025-09-08,,10248,3212337,,,,,1,,2500069298038,SC7-985,
2025-09-08,,10349,3228335,,,,,1,1,2500078311896,SC7-1125,
2025-09-08,,10453,3226112,,,,,,,2500040164963,SC7-A34,
2025-09-08,,o (71,5555555,,,,,1,1,2500040996823,SC7-1584,
2025-09-08,,10453,3226112,,,,,,,2500012283609,SC7-A34,
2025-09-08,,10418,3219281,,,,,,,2500057421639,SC7-983,
2025-09-08,,10453,3221218,,,,,,,2500025160164,SC7-A34,
2025-09-08,,10400,3220885,,,,,,,2500035388916,SC7-A78,
2025-09-08,,10306,3227811,,,,,,,2500056265326,,
2025-09-08,,10444,3225830,,,,,1,1,2500016751135,SC7-936,
2025-09-08,,10503,5555555,,,,,1,,2500043335261,SC7-1210,
2025-09-08,,10198,2096606,,,,,,,2500049803719,SC7-882,
2025-09-08,, 9255,5000655,,,,,1,1,2500056255259,SC7-1222,
2025-09-08,,10207,3228867,,,,,,,2500041323550,SC7-930,
2025-09-08,,10515,3224884,,,,,,,2500002073685,SC7-J38,
2025-09-08,,20313,0883554,,,,,,,2500020623251,SC7-F89,
2025-09-08,,10058,2085151,,,,,,,2500005785646,SC7-A85,
2025-09-08,,20013,0370265,,,,,,,2500082846261,SC7-878,
2025-09-08,,10445,3225402,,,,,,,2500011722482,SC7-1235,
2025-09-08,,10322,2322023,,,,,,,2500038483601,SC7-1142,
2025-09-08,,10229,2123244,,,,,,,2500034023245,SC7-963,
2025-09-08,,10461,2053016,,,,,,,2500042463750,SC7-1170,
2025-09-08,,10413,3213774,,,,,,,2500044691557,SC7-768,
2025-09-08,,10481,3226993,,,,,,,2500060799077,SC7-771,
2025-09-08,,10482,3227450,,,,,,,2500078255909,SC7-999,
2025-09-08,,10530,3221322,,,,,1,,2500006563571,SC7-K96,
2025-09-08,,10435,3208882,,,,,,,2500042791105,SC7-994,
2025-09-08,,10503,5555555,,,,,1,,2500017361517,SC7-1210,
2025-09-08,,10401,3222598,,,,,,,2500083106777,SC7-A18,
2025-09-08,,10322,2275038,,,,,,,2500002384026,SC7-971,
2025-09-08,,10508,3223234,,,,,,,2500006036587,SC7-D84,
2025-09-08,,10470,2071250,,,,,,,2500058630443,,
2025-09-08,,10388,2914482,,,,,,,2500002085978,SC7-M16,
2025-09-08,,10435,2125115,,,,,1,1,2500040986756,SC7-994,
2025-09-08,,10364,3206505,,,,,,,2500029666945,SC7-1178,
2025-09-08,,10500,3223736,,,,,,,,,
2025-09-08,,10457,3221610,,,,,,,2500013957172,SC7-J77,
2025-09-08,,10490,5555555,,,,,1,,2500004776744,SC7-A51,
2025-09-08,,20267,1700073,,,,,,,2500012837215,SC7-940,
2025-09-08,,10325,2911860,,,,,,,2500030823092,SC7-992,
2025-09-08,,10324,3222971,,,,,,,2500059654196,SC7-A82,
2025-09-08,,10510,3227003,,,,,,,2500071784406,SC7-F00,
2025-09-08,,10413,3228601,,,,,1,,2500034012898,SC7-I86,
2025-09-08,,10493,3002240,,,,,1,,2500046933808,SC7-E98,
2025-09-08,,20221,0034582,,,,,1,1,2500037939727,SC7-E27,
2025-09-08,,20179,1800803,,,,,,,2500041540988,SC7-G33,
2025-09-08,,10444,3001736,,,,,,,,,
2025-09-08,,10275,3224213,,,,,,,2500039088867,SC7-973,
2025-09-08,,10400,3220885,,,,,,,2500019778986,SC7-A78,
2025-09-08,,10418,3219281,,,,,,,2500056272492,SC7-983,
2025-09-08,,a (55,5555555,,,,,1,1,2500029703138,SC7-1583,
2025-09-08,,10299,2051015,,,,,,,2500000082498,SC7-A71,
2025-09-08,,20315,0915268,,,,,1,1,2500019313453,SC7-J23,
2025-09-08,,10528,3228208,,,,,,,2500043566474,SC7-A57,
2025-09-08,,2 (40,5555555,,,,,1,1,2500042734614,SC7-1581,
2025-09-08,,2 (40,5555555,,,,,,,2500069279204,SC7-1581,
2025-09-08,,10500,3223736,,,,,,,2500080089158,SC7-F07,
2025-09-08,,10405,3227504,,,,,,,2500039315741,SC7-I92,
2025-09-08,,10352,2914486,,,,,,,2500046923731,SC7-988,
2025-09-08,,10352,2914486,,,,,,,2500046597000,SC7-988,
2025-09-08,,10530,3221322,,,,,,,2500019296213,SC7-K96,
2025-09-08,,20315,1003714,,,,,,,2500046379576,SC7-964,
2025-09-08,,10414,3227190,,,,,1,1,2500077497157,SC7-F08,
2025-09-08,,10502,0883615,,,,,,,2500056523433,SC7-A65,
2025-09-08,,40040,3208436,,,,,,,2500014462583,SC7-E89,
2025-09-08,,10481,3225571,,,,,1,,2500029955049,SC7-771,
2025-09-08,,10462,3227255,,,,,,,2500017078484,SC7-770,
2025-09-08,,20321,0350060,,,,,,,2500024384172,SC7-H95,
2025-09-08,,20221,1800773,,,,,,,,,
2025-09-08,,10460,3223982,,,,,,,2500068215111,SC7-774,
2025-09-08,,10444,3001736,,,,,1,,2500004803716,SC7-936,
2025-09-08,,10515,3227628,,,,,,,2500025704047,SC7-J39,
2025-09-08,,10280,3226627,,,,,,,2500006824863,SC7-E85,
2025-09-08,,10524,3207235,,,,,,,2500020360187,SC7-984,
2025-09-08,,10493,3002240,,,,,1,,2500004852530,SC7-E98,
2025-09-08,,10420,2058001,,,,,,,2500078940010,SC7-787,
2025-09-08,,10528,3228331,,,,,,,2500006814512,SC7-A57,
2025-09-08,,40040,3208436,,,,,,,2500066738742,SC7-E89,
2025-09-08,,10525,3227051,,,,,1,,2500061126421,SC7-1183,
2025-09-08,,10521,3224786,,,,,,,2500065316187,SC7-J63,
2025-09-08,,10420,2058001,,,,,,,2500041968690,SC7-787,
2025-09-08,,10247,3228223,,,,,,,2500039876860,SC7-J02,
2025-09-08,,10420,2058001,,,,,,,2500046042777,SC7-787,
2025-09-08,,２1038,3215970,,,,,,,2500000375590,SC7-M08,
2025-09-08,,20254,1006163,,,,,,,2500057404397,SC7-J50,
2025-09-08,,10232,3224851,,,,,1,1,2500014769514,SC7-E92,
2025-09-08,,10461,2053016,,,,,,,2500068436875,SC7-1170,
2025-09-08,,10460,3223982,,,,,,,2500076665014,SC7-996,
2025-09-08,,09128,5000456,,,,,,,2500041877787,SC7-A09,
2025-09-08,,10372,3229020,,,,,,,2500066662177,SC7-A63,
2025-09-08,,10508,3228064,,,,,,,2500016770938,SC7-J67,
2025-09-08,,10457,3214841,,,,,1,1,2500070932976,SC7-1167,
2025-09-08,,10515,3224884,,,,,,,2500048915581,SC7-J39,
2025-09-08,,20286,1006331,,,,,,,2500026649446,SC7-M19,
2025-09-08,,10340,3210966,,,,,,,2500026663152,SC7-A77,
2025-09-08,,20001,1003864,,,,,,,2500052686583,SC7-E28,
2025-09-08,,10530,3221322,,,,,,,2500044725801,SC7-K96,
2025-09-08,,10437,3228925,,,,,1,1,2500028059090,SC7-1128,
2025-09-08,,10353,2111105,,,,,,,2500063681362,SC7-I87,
2025-09-08,,20250,1006421,,,,,,,2500040752702,SC7-949,
2025-09-08,,10314,3210264,,,,,,,,,
2025-09-08,,10280,3227167,,,,,,,2500082528983,SC7-1245,
2025-09-08,,20312,1000121,,,,,,,2500018676269,SC7-F96,
2025-09-08,,20016,0500499,,,,,,,2500058898621,SC7-F88,
2025-09-08,,10415,3221910,,,,,,,2500059396362,SC7-A25,
2025-09-08,,10240,3224128,,,,,,,2500013135549,SC7-A81,
2025-09-08,,10018,3216469,,,,,,,2500027776226,SC7-976,
2025-09-08,,10414,3225773,,,,,,,2500023813321,SC7-J76,
2025-09-08,,10503,5555555,,,,,1,,2500050579702,SC7-1210,
2025-09-08,,10405,3226104,,,,,,,2500021832201,SC7-A22,
2025-09-08,,10390,3225745,,,,,,,2500024938405,SC7-A67,
2025-09-08,,10352,2914486,,,,,,,2500018959133,SC7-988,
2025-09-08,,10460,3228443,,,,,,,2500027752169,SC7-996,
2025-09-08,,10352,2914486,,,,,,,2500014723097,SC7-988,
2025-09-08,,10531,3228770,,,,,,,2500083338604,,
2025-09-08,,10400,3220885,,,,,,,2500037437032,SC7-A78,
2025-09-08,,10520,3002796,,,,,,,2500032042125,SC7-J62,
2025-09-08,,20286,1800790,,,,,,,2500040203594,SC7-M19,
2025-09-08,,10018,3228793,,,,,1,1,2500032940322,SC7-A84,
2025-09-08,,10314,3221323,,,,,1,1,2500060218158,SC7-A01,
2025-09-08,,10524,3228771,,,,,1,1,2500025477163,SC7-984,
2025-09-08,,10344,2083184,,,,,,,2500069608493,SC7-880,
2025-09-08,,20247,1006033,,,,,1,1,2500051154656,SC7-J51,
2025-09-08,,10231,3222410,,,,,1,1,2500076079712,SC7-A16,
2025-09-08,,10273,3223320,,,,,,,2500040764996,SC7-877,
2025-09-08,,10179,2063042,,,,,,,2500024601323,SC7-D95,
2025-09-08,,10445,3225402,,,,,,,2500048063923,SC7-1235,
2025-09-08,,10453,3223944,,,,,,,2500022981342,SC7-A34,
2025-09-08,,10482,3225664,,,,,,,2500068225462,SC7-999,
2025-09-08,,10412,3227017,,,,,,,2500000441653,SC7-997,
2025-09-08,,10482,3227450,,,,,,,2500082769690,SC7-999,
2025-09-08,,10341,3205262,,,,,1,1,2500057153455,SC7-A45,
2025-09-08,,10372,2123392,,,,,,,2500043295732,SC7-A63,
2025-09-08,,10353,3002103,,,,,1,1,2500034567121,SC7-A58,
2025-09-08,,10515,3224884,,,,,,,2500080889048,SC7-J38,
2025-09-08,,10039,2911664,,,,,,,2500026966444,,
2025-09-08,,10331,5555555,,,,,1,,2500050903873,SC7-785,
2025-09-08,,10281,3228751,,,,,,,2500003954334,SC7-A11,
2025-09-08,,10525,3227086,,,,,,,2500029396200,SC7-J17,
2025-09-08,, 9255,5208083,,,,,1,,2500022449477,SC7-1222,
2025-09-08,,20286,1800790,,,,,,,2500003737807,SC7-M19,
2025-09-08,,10429,3226002,,,,,,,2500034538107,SC7-777,
2025-09-08,,10502,0883615,,,,,,,2500036184708,SC7-1206,
2025-09-08,,10390,3225745,,,,,,,2500056050731,SC7-A67,
2025-09-08,,10459,3228392,,,,,,,2500006270639,SC7-967,
2025-09-08,,10492,3222075,,,,,,,2500029169323,SC7-I88,
2025-09-08,,10344,3222463,,,,,1,,2500027798587,SC7-880,
2025-09-08,,10490,5555555,,,,,,,2500033705968,SC7-A51,
2025-09-08,,10493,3002708,,,,,,,2500075498798,SC7-E98,
2025-09-08,,20016,0500499,,,,,,,2500073640502,SC7-F88,
2025-09-08,,10410,2093125,,,,,,,2500010152822,SC7-A80,
2025-09-08,,10515,3224884,,,,,,,2500024029851,SC7-J38,
2025-09-08,,10459,3225003,,,,,,,2500020677186,SC7-967,
2025-09-08,,10403,2081128,,,,,1,1,2500081730639,SC7-E26,
2025-09-08,,10314,3221323,,,,,,,2500055423277,SC7-A01,
2025-09-08,,NOGAI,5555555,,,,,1,,2500058588287,SC7-DEMOSP,
2025-09-08,,10419,2115031,,,,,,,2500061377489,,
2025-09-08,,10460,5555555,,,,,1,,2500040491694,SC7-1231,
2025-09-08,,10311,3223755,,,,,,,2500061338114,SC7-A75,
2025-09-08,,10398,3223915,,,,,,,2500037678596,SC7-A64,
2025-09-08,,10308,2055031,,,,,,,2500033211063,SC7-J05,
2025-09-08,,10442,3217104,,,,,,,2500050054490,SC7-965,
2025-09-08,,10342,3224555,,,,,1,1,2500064196223,SC7-875,
2025-09-08,,10369,3216697,,,,,,,,,
2025-09-08,,10420,3200817,,,,,,,2500008488704,SC7-787,
2025-09-08,,10308,3002811,,,,,,,2500004252668,SC7-J05,
2025-09-08,,09173,5207891,,,,,,,2500024076275,SC7-F22,
2025-09-08,,10248,3212337,,,,,,,2500011705478,SC7-985,
2025-09-08,,10309,5555555,,,,,1,1,2500013901182,SC7-1244,
2025-09-08,,10431,3226247,,,,,,,2500056028372,SC7-1143,
2025-09-08,,10524,3225824,,,,,,,2500000653964,SC7-984,
2025-09-08,,10412,3223544,,,,,,,2500039371730,SC7-997,
2025-09-08,,10297,2063503,,,,,,,2500063381606,SC7-E32,
2025-09-08,,10247,3223776,,,,,,,2500072299268,SC7-937,
2025-09-08,,10467,2065037,,,,,,,2500020699546,SC7-993,
2025-09-08,,20249,0905290,,,,,1,1,2500042252347,SC7-A54,
2025-09-08,,10520,3002131,,,,,,,2500078533656,SC7-J62,